student_id,branch,gender,attendance_pct,cgpa,backlogs,internships,projects_completed,certifications,coding_score,communication_score,extracurricular_score,aptitude_score,performance_score,placed,package_lpa
STU0001,CSE,Female,92.5,7.36,0,3,1,0,65.5,65.0,43.8,72.9,80.78,0,0.0
STU0002,CIVIL,Female,77.5,7.6,1,0,1,3,75.4,69.5,77.1,70.3,74.01,0,0.0
STU0003,MECH,Female,83.6,7.66,0,1,2,3,81.2,54.4,42.4,87.3,87.13,1,10.87
STU0004,ECE,Male,55.9,5.75,0,0,1,0,60.3,69.8,58.3,85.0,72.5,0,0.0
STU0005,ECE,Female,68.4,8.14,0,0,1,2,49.3,57.0,29.1,84.2,75.27,1,9.01
STU0006,EEE,Female,77.1,6.32,1,1,4,1,66.1,65.3,34.3,74.4,68.84,1,8.89
STU0007,CSE,Male,69.3,7.9,0,0,1,0,72.1,81.1,56.0,63.1,76.65,1,10.05
STU0008,CIVIL,Female,87.1,7.19,1,0,0,2,43.1,73.1,62.4,78.7,66.05,0,0.0
STU0009,IT,Female,100.0,5.69,0,2,0,2,51.6,52.2,21.0,79.4,70.76,0,0.0
STU0010,CSE,Female,68.2,6.85,0,0,2,4,54.2,80.2,64.9,65.3,72.25,0,0.0
STU0011,MECH,Female,71.6,7.6,0,1,3,0,61.9,69.9,38.6,63.1,79.95,1,11.05
STU0012,EEE,Male,82.4,7.87,0,1,1,0,53.6,63.5,80.6,83.9,72.49,1,9.23
STU0013,CIVIL,Female,96.1,7.04,0,1,1,2,75.6,79.0,48.0,91.3,74.1,1,9.64
STU0014,CIVIL,Male,67.8,8.88,2,1,1,0,40.9,68.0,32.5,57.5,69.22,0,0.0
STU0015,CIVIL,Female,82.5,8.31,1,3,1,1,41.3,56.0,56.5,64.3,68.09,0,0.0
STU0016,CIVIL,Female,98.2,6.92,1,0,1,0,60.0,92.2,36.7,72.9,76.91,0,0.0
STU0017,MECH,Male,63.5,8.03,1,2,2,4,62.4,69.8,80.4,74.8,73.33,1,10.92
STU0018,CSE,Male,67.2,9.33,1,1,1,2,43.2,69.0,55.0,60.7,75.16,1,9.69
STU0019,EEE,Male,75.8,9.36,1,2,2,3,55.9,65.1,52.0,94.4,90.71,1,10.88
STU0020,ECE,Male,74.8,5.85,1,1,5,4,59.0,84.2,66.8,73.9,70.51,1,8.88
STU0021,MECH,Male,88.1,6.18,3,1,3,4,59.1,63.7,34.9,75.4,60.33,0,0.0
STU0022,ECE,Male,82.4,8.83,0,1,2,0,67.3,51.5,29.2,92.6,96.45,1,10.77
STU0023,IT,Male,62.3,6.04,0,1,1,0,55.1,61.9,63.2,61.7,57.81,1,8.87
STU0024,EEE,Male,85.2,5.75,0,0,3,3,87.2,85.9,33.0,66.8,75.25,0,0.0
STU0025,CIVIL,Female,74.2,6.67,3,1,1,2,72.3,80.0,33.0,50.5,59.91,0,0.0
STU0026,MECH,Male,92.7,7.66,2,0,2,0,52.9,66.9,71.7,65.6,73.8,0,0.0
STU0027,ECE,Male,73.7,7.09,0,1,1,1,66.4,86.5,65.5,47.2,73.12,1,10.47
STU0028,CIVIL,Male,73.6,6.48,0,1,4,1,66.9,79.0,29.9,78.5,72.9,0,0.0
STU0029,MECH,Female,85.4,6.46,1,1,3,0,83.2,66.8,42.6,73.9,72.04,1,10.26
STU0030,ECE,Male,87.6,6.42,0,3,5,0,56.0,68.0,36.9,64.1,74.56,0,0.0
STU0031,ECE,Female,84.5,6.23,4,1,1,4,76.5,74.0,90.5,66.6,63.79,0,0.0
STU0032,IT,Male,63.1,9.71,0,1,4,1,65.6,60.0,73.1,78.7,89.16,1,10.87
STU0033,CSE,Male,85.4,7.53,0,0,2,2,87.4,70.1,46.6,52.1,90.38,1,9.24
STU0034,MECH,Male,69.7,8.18,1,0,1,1,84.4,73.7,66.5,70.9,75.75,1,11.44
STU0035,EEE,Male,82.4,6.66,1,1,3,1,68.0,49.8,27.9,77.8,73.37,0,0.0
STU0036,CSE,Female,65.8,7.0,1,1,2,0,61.1,67.7,41.5,43.0,60.8,1,8.44
STU0037,EEE,Male,84.5,6.42,0,1,2,3,72.6,66.4,57.1,77.6,71.85,0,0.0
STU0038,CIVIL,Male,71.9,4.28,0,1,3,4,62.3,82.3,64.0,44.6,56.97,0,0.0
STU0039,IT,Female,67.2,5.68,0,0,1,4,90.2,47.9,53.1,66.4,67.05,0,0.0
STU0040,MECH,Female,87.1,5.21,1,0,2,2,66.2,65.4,60.0,51.7,60.27,0,0.0
STU0041,CSE,Female,82.4,4.73,0,0,1,0,58.9,64.2,56.6,88.0,56.26,1,6.0
STU0042,CIVIL,Female,73.9,5.89,1,0,4,4,58.1,81.5,51.7,51.8,71.6,0,0.0
STU0043,CIVIL,Female,94.5,8.66,0,0,2,1,46.8,69.5,49.1,44.9,79.31,0,0.0
STU0044,ECE,Male,75.6,7.15,0,1,1,3,73.3,91.6,46.5,69.9,74.05,1,10.6
STU0045,CSE,Female,80.3,8.62,0,0,4,3,52.7,77.9,59.6,62.2,87.12,1,10.41
STU0046,EEE,Male,82.7,7.65,1,0,4,2,81.5,65.1,63.2,46.9,85.29,1,10.78
STU0047,ECE,Male,73.8,8.06,0,0,3,3,45.6,72.9,59.0,75.4,83.67,1,8.64
STU0048,EEE,Female,84.7,6.21,0,1,5,1,66.9,65.8,31.4,40.1,73.81,0,0.0
STU0049,CIVIL,Female,74.7,7.78,1,1,4,1,82.3,80.3,35.0,53.5,74.75,1,10.88
STU0050,CIVIL,Female,75.9,8.0,1,0,3,3,32.7,54.0,63.0,59.9,71.21,0,0.0
STU0051,CIVIL,Male,93.6,6.57,1,1,0,1,95.3,60.1,84.4,79.2,68.26,0,0.0
STU0052,IT,Female,69.6,7.82,0,0,4,1,58.6,75.5,58.0,86.1,88.39,1,9.72
STU0053,ECE,Male,55.9,7.82,0,0,1,3,67.1,84.7,46.8,83.4,81.23,0,0.0
STU0054,ECE,Female,96.1,6.6,2,3,2,1,73.6,43.6,59.5,65.9,66.0,1,9.6
STU0055,ECE,Female,100.0,5.96,0,0,0,1,75.9,86.5,32.3,34.0,64.49,0,0.0
STU0056,CSE,Female,75.9,5.9,1,1,2,2,69.1,68.3,81.2,73.5,63.7,1,7.66
STU0057,MECH,Female,60.6,7.3,0,1,1,0,80.0,47.4,58.7,88.6,72.01,1,10.18
STU0058,CSE,Female,76.9,7.56,0,1,2,1,72.8,34.0,41.6,85.3,82.99,1,10.1
STU0059,CIVIL,Male,77.1,6.33,1,0,0,1,91.4,51.6,51.7,74.5,67.25,0,0.0
STU0060,CIVIL,Male,78.1,7.23,2,2,1,3,72.8,69.8,44.5,51.3,77.87,0,0.0
STU0061,EEE,Male,68.9,7.83,0,1,1,0,94.5,69.2,81.2,60.6,84.35,1,10.56
STU0062,CIVIL,Female,85.8,7.88,0,3,2,3,78.5,77.6,51.0,95.1,93.87,1,11.52
STU0063,ECE,Male,85.2,8.91,0,1,2,1,37.9,63.4,58.1,48.2,84.23,1,8.31
STU0064,EEE,Male,65.1,8.6,0,1,0,3,100.0,56.7,66.5,51.9,83.46,1,12.18
STU0065,ECE,Female,87.0,6.1,0,0,2,1,56.4,65.0,40.2,81.2,73.42,0,0.0
STU0066,IT,Female,100.0,9.05,0,1,5,0,87.4,70.4,58.9,62.0,96.21,1,12.1
STU0067,EEE,Female,81.7,6.62,1,2,5,3,65.4,72.8,60.5,51.5,82.56,1,9.96
STU0068,ECE,Female,76.6,8.35,0,0,4,2,80.9,60.5,23.9,89.4,93.88,1,10.81
STU0069,CSE,Female,78.6,7.27,1,1,0,0,54.7,80.8,60.1,74.5,68.61,0,0.0
STU0070,ECE,Male,86.2,6.75,2,2,0,1,74.4,62.5,54.1,62.7,65.57,0,0.0
STU0071,CIVIL,Female,62.7,5.21,0,0,1,0,61.2,59.6,57.6,52.0,63.81,0,0.0
STU0072,IT,Female,81.6,7.01,0,2,3,0,88.7,63.5,55.7,96.7,76.94,1,11.28
STU0073,ECE,Female,76.1,5.48,1,2,1,0,71.6,82.9,60.2,67.7,67.46,0,0.0
STU0074,CSE,Male,98.5,8.26,0,1,2,2,79.0,68.4,81.7,87.6,90.2,1,9.64
STU0075,CIVIL,Female,78.3,8.87,0,0,2,1,32.5,61.7,31.4,80.5,77.07,1,9.15
STU0076,ECE,Female,96.7,6.32,0,0,3,1,63.7,81.1,48.2,60.7,71.64,0,0.0
STU0077,IT,Female,69.0,7.53,0,0,0,3,71.2,95.7,68.3,60.8,69.29,1,10.71
STU0078,IT,Male,85.9,6.4,0,1,1,1,68.4,72.5,64.6,88.2,75.98,0,0.0
STU0079,MECH,Female,83.2,6.51,2,1,2,1,79.4,84.8,64.2,88.5,65.95,1,9.47
STU0080,CIVIL,Female,71.3,8.05,1,0,0,4,59.5,82.4,100.0,41.7,74.06,1,9.64
STU0081,EEE,Female,81.8,7.16,2,1,1,1,65.7,62.7,67.3,75.7,73.19,0,0.0
STU0082,ECE,Male,92.1,9.11,4,3,1,2,82.7,70.3,77.6,66.3,75.02,0,0.0
STU0083,CSE,Female,76.8,6.67,0,1,2,1,30.8,54.6,48.9,53.5,65.24,0,0.0
STU0084,CIVIL,Female,63.1,8.3,1,2,0,0,73.8,67.5,35.1,71.7,68.79,1,8.97
STU0085,MECH,Male,79.8,7.31,1,0,1,3,60.0,62.5,48.7,49.1,70.09,1,7.83
STU0086,CIVIL,Female,71.0,8.08,1,0,2,1,51.3,65.2,69.2,61.5,84.57,1,7.36
STU0087,CSE,Male,76.6,6.71,1,0,1,0,70.0,61.0,63.1,56.8,69.34,0,0.0
STU0088,IT,Female,79.2,7.15,2,3,2,1,83.4,66.6,63.1,61.0,70.13,0,0.0
STU0089,CIVIL,Male,62.9,7.07,0,1,2,1,80.6,76.4,50.7,67.0,73.0,1,11.02
STU0090,CIVIL,Female,63.8,6.28,0,1,1,1,63.0,68.6,47.5,53.8,64.91,1,8.6
STU0091,ECE,Female,84.8,7.93,2,0,5,3,78.1,47.6,51.4,90.0,87.14,1,10.0
STU0092,CIVIL,Female,74.8,7.92,0,1,2,1,78.0,61.0,69.5,74.9,81.05,0,0.0
STU0093,EEE,Female,54.4,7.85,0,1,1,2,63.7,51.8,71.8,93.1,80.45,0,0.0
STU0094,ECE,Female,87.8,8.89,0,0,2,0,54.6,72.9,34.9,65.8,81.07,1,11.28
STU0095,EEE,Male,82.7,8.79,2,3,1,3,55.5,76.0,70.2,60.3,74.07,0,0.0
STU0096,IT,Male,72.9,6.79,1,3,2,2,77.6,73.1,42.0,92.6,76.56,0,0.0
STU0097,IT,Female,66.8,7.61,1,0,0,1,64.4,60.6,64.4,59.9,64.36,0,0.0
STU0098,CIVIL,Female,88.4,6.51,2,0,2,1,49.3,73.0,51.2,65.5,66.98,0,0.0
STU0099,MECH,Male,83.5,7.23,2,1,4,2,39.7,64.4,86.3,78.1,72.21,0,0.0
STU0100,CSE,Male,100.0,6.54,0,0,4,2,77.5,56.3,46.6,50.7,73.22,0,0.0
STU0101,CIVIL,Female,84.2,8.98,1,0,4,1,56.8,78.9,58.6,78.0,88.17,0,0.0
STU0102,IT,Female,83.9,7.6,0,1,0,1,70.0,79.8,67.1,76.2,70.76,0,0.0
STU0103,CIVIL,Male,78.3,6.96,0,3,2,2,83.6,81.4,37.5,85.8,83.4,1,10.49
STU0104,CSE,Male,88.2,8.51,1,1,1,1,45.4,62.7,53.5,80.5,77.66,1,10.31
STU0105,CIVIL,Male,86.3,4.81,0,1,2,1,64.3,84.2,49.7,86.2,72.27,1,9.01
STU0106,CIVIL,Female,92.5,4.98,1,0,2,2,62.4,64.1,44.7,66.5,66.55,1,9.1
STU0107,CIVIL,Male,74.8,8.08,1,1,2,0,70.7,77.8,46.2,55.9,71.75,0,0.0
STU0108,MECH,Female,75.6,7.27,2,2,0,1,83.6,63.9,77.2,97.5,63.37,0,0.0
STU0109,ECE,Male,75.2,7.48,1,1,0,0,45.1,67.3,43.0,46.6,61.06,0,0.0
STU0110,CIVIL,Male,87.9,5.74,0,2,0,0,73.5,40.9,66.3,48.0,58.56,0,0.0
STU0111,IT,Female,95.0,7.17,0,0,3,1,80.5,66.4,61.3,75.9,90.84,0,0.0
STU0112,CIVIL,Female,75.4,9.4,1,1,3,1,62.2,71.1,27.1,90.7,89.17,0,0.0
STU0113,MECH,Female,75.8,8.11,0,3,3,1,62.9,65.1,65.4,70.7,86.87,1,11.63
STU0114,ECE,Female,83.1,7.39,0,2,0,2,71.3,91.1,26.7,82.0,76.96,1,10.21
STU0115,MECH,Female,77.5,6.72,0,0,3,0,70.2,56.1,67.6,40.1,71.17,0,0.0
STU0116,MECH,Female,89.5,6.77,0,0,2,3,73.7,63.2,44.9,61.0,78.27,1,8.68
STU0117,CSE,Female,57.5,4.86,0,1,1,2,73.4,59.1,55.2,41.8,61.6,0,0.0
STU0118,CSE,Male,71.7,7.48,0,1,5,2,50.3,63.2,29.1,78.9,83.72,1,11.01
STU0119,IT,Male,72.2,8.13,0,0,2,2,79.9,82.4,57.4,46.3,78.0,0,0.0
STU0120,CSE,Female,56.8,5.47,1,0,1,1,82.5,87.7,73.5,50.1,64.72,0,0.0
STU0121,ECE,Male,70.4,6.47,1,0,0,2,67.8,61.6,38.9,75.2,64.8,0,0.0
STU0122,CIVIL,Female,70.8,5.93,0,2,3,0,42.6,61.3,42.9,82.9,64.46,0,0.0
STU0123,MECH,Female,78.0,6.14,0,1,1,4,63.3,56.1,64.1,65.8,59.9,0,0.0
STU0124,ECE,Male,91.1,7.26,0,0,2,4,67.9,85.7,64.6,76.0,85.95,1,9.73
STU0125,EEE,Female,77.5,4.91,0,0,0,0,47.8,83.5,6.3,75.5,56.21,0,0.0
STU0126,MECH,Male,69.7,7.88,1,3,0,1,59.6,68.7,95.3,65.0,71.27,1,9.39
STU0127,CSE,Female,79.4,8.03,0,0,2,0,43.9,53.2,65.6,52.7,73.93,0,0.0
STU0128,CIVIL,Male,90.5,6.92,1,1,0,3,74.1,54.3,68.9,75.9,71.6,0,0.0
STU0129,MECH,Male,70.2,4.47,0,2,1,3,67.5,72.0,52.1,76.6,59.06,0,0.0
STU0130,MECH,Female,70.9,6.1,0,2,6,1,40.3,76.6,17.9,80.5,75.18,1,9.31
STU0131,MECH,Female,85.6,8.56,0,2,0,0,70.3,45.2,68.5,72.4,84.54,1,10.86
STU0132,MECH,Male,77.8,4.14,0,1,1,0,64.2,66.1,43.7,51.6,52.18,0,0.0
STU0133,CSE,Female,86.5,6.82,2,2,4,5,72.7,89.4,65.9,77.7,82.57,1,10.58
STU0134,MECH,Female,79.9,5.9,1,1,2,3,59.1,67.4,50.6,68.0,66.43,0,0.0
STU0135,CIVIL,Male,87.0,8.09,0,0,3,0,53.0,87.9,59.8,61.2,79.04,1,8.39
STU0136,IT,Female,69.6,6.46,1,0,2,1,53.4,77.8,39.5,63.9,65.69,1,8.1
STU0137,MECH,Female,79.9,7.64,2,0,1,1,56.9,57.0,72.3,58.3,62.75,0,0.0
STU0138,CSE,Male,77.9,7.82,0,1,0,0,65.3,66.5,31.2,80.4,77.37,1,8.27
STU0139,ECE,Female,67.8,9.22,0,0,1,0,67.2,68.5,99.9,48.1,76.01,1,9.29
STU0140,ECE,Female,64.4,6.98,0,1,1,4,62.1,58.6,99.8,54.1,68.75,0,0.0
STU0141,EEE,Female,86.9,7.61,0,1,2,1,58.7,58.4,87.7,63.4,70.57,1,11.36
STU0142,IT,Female,76.5,5.57,1,0,0,0,59.7,88.1,80.5,90.6,58.71,0,0.0
STU0143,IT,Female,69.8,8.51,0,1,2,3,100.0,58.3,53.3,82.8,98.45,0,0.0
STU0144,ECE,Male,79.0,6.36,1,0,3,1,53.4,82.9,78.3,45.0,65.15,0,0.0
STU0145,EEE,Female,91.3,6.58,0,5,1,1,56.6,64.8,53.1,86.9,75.93,0,0.0
STU0146,EEE,Male,57.2,7.18,1,2,1,2,100.0,69.7,23.9,86.9,85.46,1,11.06
STU0147,CSE,Female,65.0,5.48,0,0,3,1,71.3,76.7,85.1,51.6,66.7,0,0.0
STU0148,IT,Male,70.8,7.45,0,0,1,0,44.3,62.8,77.6,32.7,63.97,0,0.0
STU0149,CIVIL,Male,94.6,8.26,1,3,1,0,77.6,76.8,54.4,67.0,77.88,1,9.79
STU0150,CSE,Male,82.8,7.52,0,0,3,4,51.3,45.4,30.5,83.7,83.81,0,0.0
STU0151,EEE,Female,87.7,5.45,0,1,1,0,78.6,75.3,43.3,90.3,65.94,0,0.0
STU0152,IT,Male,68.6,7.06,0,5,4,1,61.8,40.4,18.6,55.8,73.67,1,11.77
STU0153,EEE,Male,68.8,8.02,1,0,1,2,58.4,67.3,73.9,92.5,81.09,0,0.0
STU0154,IT,Female,84.5,5.13,1,0,1,1,89.1,80.3,22.9,36.8,64.1,0,0.0
STU0155,ECE,Female,80.6,6.02,0,1,2,1,73.5,77.5,60.7,62.8,63.73,0,0.0
STU0156,MECH,Male,85.5,8.16,1,0,0,0,79.6,54.4,38.1,62.2,73.17,0,0.0
STU0157,CSE,Female,78.1,7.5,0,1,0,0,71.5,56.0,26.5,84.1,73.99,1,9.94
STU0158,MECH,Male,82.8,7.65,1,3,2,3,58.3,61.7,59.8,86.2,81.78,0,0.0
STU0159,MECH,Male,81.6,9.25,0,0,2,0,74.2,72.2,48.3,81.4,95.18,0,0.0
STU0160,CIVIL,Female,87.8,7.72,1,1,1,1,83.1,45.6,71.8,49.1,87.17,0,0.0
STU0161,EEE,Male,88.1,7.92,0,1,1,0,67.0,69.8,29.6,80.1,78.73,1,10.1
STU0162,MECH,Female,63.8,10.0,0,0,0,1,92.0,73.7,39.9,75.1,90.42,1,11.71
STU0163,ECE,Female,57.5,6.96,0,2,3,0,77.8,66.6,7.2,44.6,74.27,1,10.92
STU0164,ECE,Female,90.0,6.32,0,1,3,2,68.2,76.3,11.3,39.1,70.63,1,9.15
STU0165,ECE,Male,91.9,7.67,1,1,1,2,68.8,72.7,91.0,82.5,78.51,0,0.0
STU0166,CIVIL,Female,69.8,7.68,1,0,0,0,67.1,63.5,96.7,65.5,68.0,0,0.0
STU0167,IT,Female,61.4,6.62,0,0,3,3,46.2,46.8,56.9,50.0,59.37,0,0.0
STU0168,IT,Male,81.0,6.06,0,0,2,0,63.6,71.6,38.5,65.1,68.65,0,0.0
STU0169,ECE,Male,89.3,9.74,1,0,1,2,68.3,58.6,49.0,73.1,89.36,1,12.08
STU0170,CSE,Male,98.0,7.56,0,1,5,1,58.8,63.1,72.5,66.8,90.84,0,0.0
STU0171,CSE,Female,85.2,6.39,1,0,1,5,70.1,75.7,44.7,46.3,70.59,0,0.0
STU0172,CSE,Female,76.3,8.21,0,1,0,1,65.3,87.0,59.8,94.4,76.12,1,9.15
STU0173,CIVIL,Male,71.1,7.08,1,2,3,0,76.6,69.5,54.7,82.1,73.71,1,10.87
STU0174,CIVIL,Female,80.1,6.92,0,1,2,1,74.9,76.6,43.6,63.3,67.54,1,10.62
STU0175,CIVIL,Female,77.0,7.82,0,0,1,3,67.5,52.7,44.5,63.9,75.54,0,0.0
STU0176,ECE,Female,69.8,5.78,0,3,3,0,44.5,72.9,60.9,73.0,67.07,1,8.49
STU0177,CIVIL,Male,100.0,7.59,0,1,1,1,91.9,69.3,35.5,52.2,81.56,0,0.0
STU0178,CSE,Male,97.9,9.3,1,0,3,0,62.9,84.8,64.0,72.5,92.76,0,0.0
STU0179,EEE,Male,91.4,7.71,2,0,5,2,63.8,63.5,45.6,49.4,71.01,0,0.0
STU0180,MECH,Female,70.8,6.79,1,1,3,0,59.9,67.1,57.5,67.0,67.98,1,8.37
STU0181,EEE,Female,88.6,6.64,1,3,2,1,57.7,82.7,82.7,51.6,66.34,0,0.0
STU0182,CSE,Female,86.4,6.75,0,1,2,0,88.2,68.9,51.6,52.3,79.34,1,9.03
STU0183,ECE,Male,84.4,6.92,0,0,1,1,85.8,56.7,73.4,91.0,81.84,0,0.0
STU0184,CIVIL,Male,92.5,6.78,0,1,4,1,71.7,100.0,19.2,68.8,83.16,1,9.36
STU0185,ECE,Male,86.4,8.21,0,0,2,1,63.4,57.1,45.6,70.9,89.79,0,0.0
STU0186,ECE,Female,87.4,5.29,1,0,0,1,74.3,69.2,55.6,39.8,56.2,0,0.0
STU0187,CSE,Male,86.4,8.15,1,0,2,1,66.1,74.2,93.5,59.6,84.38,0,0.0
STU0188,ECE,Female,83.4,6.78,0,0,3,0,62.1,73.2,15.8,74.5,71.18,0,0.0
STU0189,IT,Female,62.2,7.61,0,0,1,1,70.1,67.7,53.1,70.7,71.25,1,8.89
STU0190,IT,Male,80.8,5.96,0,1,0,0,58.4,67.8,84.1,37.8,63.43,0,0.0
STU0191,CIVIL,Male,74.4,8.66,0,2,1,0,68.8,67.2,39.3,70.9,76.31,1,11.79
STU0192,MECH,Male,67.2,8.57,0,2,2,3,68.1,56.6,50.7,73.1,88.52,1,11.22
STU0193,MECH,Female,96.8,8.26,0,0,0,2,74.0,95.8,61.6,86.0,86.59,1,8.3
STU0194,ECE,Female,97.3,5.53,0,0,4,2,55.7,67.4,58.7,58.8,75.9,0,0.0
STU0195,EEE,Male,93.6,8.11,0,0,2,1,75.7,77.2,86.3,36.6,82.28,0,0.0
STU0196,CSE,Male,82.6,7.65,0,3,2,0,51.4,66.0,64.0,54.0,75.22,0,0.0
STU0197,ECE,Female,93.5,5.43,0,2,3,1,56.4,65.7,81.6,52.6,68.96,1,10.53
STU0198,CSE,Male,80.1,7.17,0,1,2,0,57.1,64.5,47.8,78.3,72.38,0,0.0
STU0199,ECE,Male,82.0,7.6,0,0,1,3,48.9,51.4,40.2,30.0,70.81,1,9.7
STU0200,EEE,Male,69.1,7.81,0,2,0,3,80.2,68.1,50.5,61.7,80.92,1,11.88
STU0201,ECE,Male,84.0,7.39,0,1,3,1,50.5,65.1,31.8,88.0,79.8,1,10.14
STU0202,EEE,Male,80.6,7.52,3,0,3,3,54.5,84.1,64.7,68.1,69.07,0,0.0
STU0203,ECE,Female,67.0,8.82,0,0,0,1,83.8,55.6,47.3,80.5,84.46,1,9.76
STU0204,CIVIL,Female,79.5,8.55,0,2,1,3,56.4,63.1,41.6,45.0,87.96,1,11.88
STU0205,ECE,Female,79.2,4.05,2,0,2,1,62.2,59.2,65.0,45.6,46.1,0,0.0
STU0206,IT,Female,98.0,6.85,1,0,2,3,49.8,87.3,32.1,88.1,73.89,1,9.54
STU0207,CIVIL,Female,88.9,7.02,2,0,3,2,77.5,59.6,70.4,69.4,67.99,0,0.0
STU0208,EEE,Male,80.1,5.27,1,2,1,3,77.7,76.7,45.4,69.4,63.96,0,0.0
STU0209,IT,Male,82.5,7.3,2,1,2,0,76.1,81.6,78.2,52.3,72.05,1,8.34
STU0210,CIVIL,Female,80.4,8.57,1,0,2,1,73.1,68.2,47.1,69.4,86.03,1,9.62
STU0211,IT,Male,78.0,6.0,2,0,2,2,66.1,53.5,67.6,52.0,62.25,0,0.0
STU0212,CIVIL,Female,69.2,7.57,1,5,2,3,57.1,53.6,58.6,84.6,80.35,1,11.81
STU0213,CIVIL,Female,78.5,6.19,0,1,0,1,52.8,80.3,69.9,100.0,70.96,1,8.66
STU0214,ECE,Male,72.5,6.46,0,0,1,0,84.3,54.9,57.2,74.8,76.01,0,0.0
STU0215,CIVIL,Female,67.5,8.83,0,0,6,2,76.5,74.7,21.7,59.1,97.63,1,11.26
STU0216,IT,Female,85.1,6.6,0,0,3,0,54.6,71.4,75.2,32.5,75.48,0,0.0
STU0217,CSE,Male,83.9,7.71,0,0,2,1,65.6,74.5,53.2,44.4,77.25,0,0.0
STU0218,CSE,Male,62.1,5.14,0,2,2,2,60.5,75.7,70.8,89.8,58.9,1,8.42
STU0219,ECE,Female,78.8,9.25,0,0,1,1,48.1,58.8,68.8,53.6,85.55,1,10.74
STU0220,EEE,Female,90.0,7.86,1,1,5,2,67.7,58.3,39.5,62.8,88.12,1,10.66
STU0221,CSE,Male,90.6,7.0,1,0,2,1,58.8,78.6,36.7,77.2,79.71,1,8.55
STU0222,ECE,Female,90.3,7.83,0,0,0,0,50.7,62.4,68.1,88.8,82.14,0,0.0
STU0223,CIVIL,Male,80.4,5.65,0,0,4,1,42.8,37.0,48.9,65.2,75.08,0,0.0
STU0224,IT,Female,71.5,8.5,0,0,1,1,41.5,77.8,73.7,62.3,79.66,1,7.94
STU0225,CIVIL,Female,69.2,6.84,0,3,1,1,59.4,57.6,51.4,69.0,71.15,0,0.0
STU0226,IT,Male,83.4,6.98,0,2,2,1,63.7,75.6,75.5,59.2,69.13,0,0.0
STU0227,CIVIL,Female,83.8,6.66,0,1,3,3,51.9,86.7,63.5,60.0,76.55,1,9.79
STU0228,MECH,Female,92.9,6.56,0,1,3,1,74.8,70.2,60.8,73.8,76.28,1,8.71
STU0229,MECH,Female,91.0,7.96,1,1,1,3,64.0,81.9,47.5,70.6,80.82,1,10.33
STU0230,IT,Male,78.7,7.48,1,0,2,1,73.7,71.8,59.6,97.8,79.04,0,0.0
STU0231,ECE,Male,67.6,7.92,4,0,1,0,62.3,89.0,78.9,74.1,64.1,0,0.0
STU0232,EEE,Male,76.8,7.19,0,1,2,1,53.2,57.3,53.9,84.1,75.46,1,8.63
STU0233,CSE,Male,82.2,7.76,0,0,1,0,66.7,69.9,65.6,53.0,79.74,1,10.27
STU0234,CIVIL,Male,78.0,6.74,1,0,0,3,46.1,78.1,55.9,75.4,55.8,0,0.0
STU0235,ECE,Female,74.2,9.65,0,3,1,1,73.1,67.7,57.5,57.9,89.54,1,11.53
STU0236,CIVIL,Female,82.5,5.48,1,0,3,1,50.9,83.8,89.5,73.5,68.15,0,0.0
STU0237,MECH,Female,75.0,8.59,1,1,2,3,78.8,64.8,79.0,77.6,93.55,1,12.3
STU0238,ECE,Male,73.7,8.7,0,2,1,1,59.9,94.8,56.6,68.7,85.04,1,11.28
STU0239,IT,Male,83.1,6.26,1,2,0,1,80.9,95.5,59.3,100.0,76.6,0,0.0
STU0240,MECH,Female,76.0,9.65,0,1,3,0,48.2,73.4,41.0,88.0,91.41,1,12.03
STU0241,CSE,Male,82.4,8.3,0,1,1,3,54.8,76.6,51.5,84.5,84.24,0,0.0
STU0242,MECH,Female,82.7,8.27,0,0,3,1,70.7,84.3,61.2,78.7,89.22,1,10.63
STU0243,CSE,Female,68.6,7.23,1,1,3,0,82.6,55.8,72.0,92.7,77.22,0,0.0
STU0244,MECH,Male,75.2,6.96,2,0,2,1,90.0,54.3,70.0,47.9,66.0,0,0.0
STU0245,MECH,Male,94.4,6.97,0,1,1,1,65.6,85.1,32.8,87.2,75.48,1,10.16
STU0246,CSE,Male,68.4,7.63,1,1,2,0,92.6,73.3,74.5,54.1,70.99,1,10.06
STU0247,CIVIL,Male,58.8,8.74,0,0,0,1,60.7,67.3,53.2,60.1,79.69,1,10.33
STU0248,ECE,Male,61.4,7.4,0,0,0,2,81.5,70.1,35.3,75.9,75.87,0,0.0
STU0249,CIVIL,Female,80.3,6.2,0,2,0,1,50.9,41.4,81.7,85.3,65.17,0,0.0
STU0250,CSE,Female,80.3,8.11,1,2,2,1,71.3,67.7,84.3,51.8,75.61,1,10.37
STU0251,IT,Female,78.8,8.21,1,3,4,4,29.9,61.0,60.3,60.8,82.17,1,11.73
STU0252,ECE,Female,92.1,7.92,1,1,3,5,48.2,81.0,69.2,69.4,86.53,1,10.22
STU0253,IT,Female,53.3,8.02,0,0,3,3,72.0,81.9,70.3,65.4,77.93,0,0.0
STU0254,IT,Male,84.0,6.9,2,1,2,1,45.3,76.9,82.9,80.0,61.44,1,8.86
STU0255,MECH,Male,95.6,6.18,0,0,4,2,71.4,74.7,69.6,100.0,85.55,1,9.54
STU0256,CSE,Female,68.7,6.24,0,0,1,1,78.6,52.0,28.4,73.9,64.42,0,0.0
STU0257,CIVIL,Male,76.2,5.4,0,0,1,2,57.5,77.1,95.2,57.7,64.61,1,8.83
STU0258,CSE,Male,72.5,7.46,0,2,1,1,50.5,77.6,76.3,49.8,77.66,0,0.0
STU0259,IT,Female,71.1,7.11,1,0,2,2,57.9,84.9,44.8,63.4,77.33,0,0.0
STU0260,MECH,Female,76.7,6.72,1,1,3,2,50.5,95.4,34.4,54.8,72.13,0,0.0
STU0261,CIVIL,Female,94.3,4.0,0,2,2,2,63.5,49.7,65.1,74.5,63.96,1,9.81
STU0262,IT,Female,98.4,5.83,1,2,1,1,66.5,65.3,49.4,74.3,75.65,0,0.0
STU0263,IT,Male,76.6,8.43,1,1,2,1,60.4,61.1,61.6,61.5,69.24,1,10.8
STU0264,EEE,Female,99.1,6.47,3,0,0,1,90.1,72.1,69.9,95.8,65.62,0,0.0
STU0265,EEE,Female,80.4,7.6,0,1,2,2,54.2,70.2,43.7,57.7,80.95,1,9.38
STU0266,MECH,Female,97.5,5.67,0,0,2,1,85.9,67.2,32.7,66.3,71.61,1,7.65
STU0267,ECE,Female,79.1,8.78,0,2,2,3,49.4,82.3,62.7,76.9,91.8,1,10.61
STU0268,ECE,Female,81.3,7.04,0,0,3,1,66.1,56.8,44.3,80.5,78.84,1,11.27
STU0269,MECH,Male,83.7,7.52,0,0,0,1,82.7,57.5,57.9,85.9,80.4,1,9.08
STU0270,MECH,Male,100.0,9.76,0,1,1,5,82.0,57.7,28.1,74.0,99.96,1,11.59
STU0271,IT,Male,88.5,8.87,0,3,2,3,58.7,65.7,50.0,82.7,88.68,1,11.04
STU0272,CSE,Male,72.9,6.86,0,0,0,4,73.3,55.3,69.3,58.7,71.57,1,10.54
STU0273,CSE,Male,89.7,6.55,0,0,0,1,71.3,69.4,67.1,80.9,73.82,0,0.0
STU0274,EEE,Male,76.4,6.84,0,1,3,2,56.9,68.0,39.2,80.7,73.81,1,9.32
STU0275,ECE,Female,75.1,7.76,1,0,1,1,74.2,60.6,31.6,89.2,81.19,0,0.0
STU0276,ECE,Female,89.1,7.08,0,0,3,2,92.9,80.5,55.3,44.6,84.65,0,0.0
STU0277,ECE,Female,80.3,6.77,0,0,2,2,72.1,69.3,66.2,55.3,79.41,1,8.85
STU0278,CIVIL,Female,82.8,8.81,1,1,4,0,73.5,82.8,63.1,79.5,83.44,1,9.97
STU0279,CSE,Female,80.1,7.07,2,3,1,3,75.1,67.7,44.8,30.9,60.39,1,11.37
STU0280,CSE,Female,83.4,9.73,2,2,2,2,43.1,69.7,61.0,74.9,83.83,0,0.0
STU0281,IT,Male,84.2,7.3,0,1,3,0,71.9,63.2,85.0,82.8,92.49,1,8.98
STU0282,ECE,Female,60.6,9.16,2,0,1,2,49.7,69.9,59.1,59.9,79.76,0,0.0
STU0283,CIVIL,Male,86.7,7.59,0,0,0,3,56.2,78.5,22.3,62.0,74.56,1,8.42
STU0284,ECE,Male,70.2,8.26,1,0,1,1,97.4,65.1,59.1,53.0,81.2,1,9.47
STU0285,ECE,Female,65.6,6.4,1,0,2,2,61.2,76.2,95.9,60.7,68.9,0,0.0
STU0286,EEE,Female,79.4,6.26,2,2,6,1,53.9,60.2,29.3,61.1,63.19,0,0.0
STU0287,CSE,Male,80.8,7.71,1,1,1,0,82.3,79.1,55.6,58.4,80.34,1,9.27
STU0288,MECH,Male,73.1,8.29,2,1,1,1,50.8,63.0,50.5,57.7,69.43,1,8.81
STU0289,MECH,Male,88.3,7.24,1,0,2,0,58.3,80.2,56.9,64.2,71.59,0,0.0
STU0290,ECE,Male,66.6,5.78,2,1,1,3,83.7,70.7,58.9,64.0,62.12,0,0.0
STU0291,CIVIL,Male,75.9,5.7,0,2,3,2,65.6,88.3,77.8,94.2,77.22,0,0.0
STU0292,IT,Female,74.2,5.63,0,1,1,0,41.6,56.2,56.7,62.5,56.18,0,0.0
STU0293,EEE,Female,79.5,5.26,1,0,3,0,73.2,52.3,80.5,72.8,56.82,0,0.0
STU0294,IT,Female,82.8,7.32,0,0,3,1,59.1,62.6,52.6,59.9,79.09,1,9.87
STU0295,MECH,Female,69.9,8.44,2,0,4,2,88.1,53.4,48.0,59.7,74.74,1,10.91
STU0296,MECH,Female,87.2,7.19,0,1,1,1,55.9,53.4,41.6,44.1,70.81,0,0.0
STU0297,EEE,Female,80.6,4.71,2,1,3,0,80.8,77.5,18.7,46.0,60.22,0,0.0
STU0298,ECE,Male,61.1,6.99,0,2,3,3,91.6,69.9,60.5,51.1,81.27,1,12.27
STU0299,IT,Male,60.4,7.02,0,0,1,0,52.2,64.2,96.1,70.6,72.04,1,7.76
STU0300,CSE,Female,79.9,9.51,0,1,3,1,62.1,65.4,64.2,83.1,95.75,1,11.59
STU0301,ECE,Male,77.8,5.6,1,0,4,2,70.8,62.8,68.7,43.0,75.93,0,0.0
STU0302,CIVIL,Male,79.0,6.77,0,0,0,3,52.1,89.8,46.7,60.3,67.56,1,9.09
STU0303,CSE,Male,79.7,9.08,2,2,0,0,69.1,61.2,50.1,48.9,76.28,1,9.17
STU0304,EEE,Female,82.3,7.69,0,2,2,0,61.6,54.1,74.7,64.3,76.0,1,9.49
STU0305,MECH,Male,89.5,7.82,0,1,1,1,61.3,79.6,95.2,83.1,84.68,0,0.0
STU0306,CSE,Female,68.9,7.33,0,1,1,0,65.7,67.4,84.8,61.7,71.89,1,10.45
STU0307,IT,Male,68.3,7.56,0,0,1,1,66.1,94.5,71.1,67.3,82.13,1,9.89
STU0308,MECH,Male,69.1,8.06,0,3,1,0,67.5,63.7,55.7,88.4,77.37,1,11.69
STU0309,IT,Male,82.9,6.31,0,3,2,2,56.0,80.2,59.2,74.4,77.76,1,10.5
STU0310,CSE,Male,92.4,8.17,1,2,0,1,56.7,83.0,39.9,57.4,77.2,1,10.03
STU0311,MECH,Female,75.7,5.69,1,1,0,3,63.2,63.7,26.0,70.2,61.97,1,8.17
STU0312,CIVIL,Male,55.0,7.56,0,0,3,2,64.3,61.1,32.5,56.4,78.86,0,0.0
STU0313,CSE,Male,63.0,7.4,0,2,2,0,58.4,78.9,56.0,73.9,74.65,1,10.94
STU0314,IT,Female,71.7,6.52,0,2,3,2,69.9,76.9,49.2,75.2,77.1,1,10.43
STU0315,IT,Female,74.4,7.18,0,0,1,2,37.8,53.1,25.6,48.9,68.17,0,0.0
STU0316,MECH,Male,75.9,6.52,0,2,2,1,54.0,56.5,54.3,70.5,67.65,1,10.93
STU0317,CIVIL,Female,80.4,6.02,1,3,2,3,60.8,39.6,48.6,66.4,66.3,0,0.0
STU0318,CIVIL,Female,76.9,6.81,1,2,2,2,52.2,77.1,31.5,75.6,63.55,1,9.62
STU0319,EEE,Male,90.5,5.99,0,1,2,2,89.4,66.9,47.6,79.6,80.25,0,0.0
STU0320,CIVIL,Female,73.2,7.56,0,1,1,2,65.3,68.1,48.6,74.7,72.86,0,0.0
STU0321,IT,Female,71.4,5.93,0,1,4,4,67.7,49.7,42.7,63.8,73.95,1,9.49
STU0322,CSE,Female,84.8,7.98,0,0,3,2,57.8,56.8,73.5,81.1,87.77,1,10.33
STU0323,MECH,Male,64.6,5.9,1,0,1,0,64.8,64.3,16.9,55.8,62.05,0,0.0
STU0324,EEE,Male,83.9,6.58,0,2,2,2,46.8,61.9,15.3,49.5,62.94,0,0.0
STU0325,EEE,Male,81.0,6.51,1,2,1,2,62.5,71.4,55.1,23.3,63.25,0,0.0
STU0326,IT,Female,78.5,8.66,1,1,3,4,50.9,77.0,56.9,67.0,86.61,1,10.11
STU0327,IT,Female,95.9,7.56,1,0,2,1,60.8,97.2,63.1,56.5,76.02,0,0.0
STU0328,CSE,Male,73.8,6.97,0,1,2,2,26.6,69.8,44.2,73.6,75.62,0,0.0
STU0329,CSE,Male,100.0,7.75,2,4,2,1,48.1,83.4,36.6,40.4,67.27,0,0.0
STU0330,MECH,Female,77.7,4.88,1,1,3,1,87.0,60.0,54.9,58.9,54.78,0,0.0
STU0331,MECH,Female,67.2,7.15,0,0,5,1,77.5,49.9,46.2,74.6,85.51,1,10.56
STU0332,ECE,Female,80.7,9.4,0,1,1,1,84.8,65.8,86.0,53.6,87.44,1,11.43
STU0333,IT,Male,69.2,7.35,1,0,3,2,85.8,50.8,48.5,73.7,71.99,0,0.0
STU0334,CIVIL,Female,72.5,7.27,1,0,2,2,75.1,70.2,53.9,60.2,73.65,0,0.0
STU0335,ECE,Male,84.0,7.8,2,1,3,1,58.2,60.6,100.0,67.5,79.4,0,0.0
STU0336,CIVIL,Female,85.6,8.19,0,0,1,3,49.4,46.5,51.1,76.3,77.37,1,9.97
STU0337,EEE,Male,73.8,5.0,0,0,3,0,82.2,90.8,66.1,81.3,76.27,1,9.84
STU0338,IT,Male,89.9,5.35,1,0,1,1,66.0,63.5,67.9,69.3,58.56,0,0.0
STU0339,IT,Male,91.6,7.43,0,1,5,3,100.0,50.3,69.6,56.6,91.93,1,11.66
STU0340,EEE,Female,94.4,6.41,0,2,2,2,59.5,80.8,60.8,61.6,68.83,1,10.54
STU0341,MECH,Female,85.3,8.64,1,2,3,0,94.6,61.3,58.9,76.9,88.58,1,11.1
STU0342,IT,Male,93.6,6.85,0,0,2,0,62.6,83.1,57.0,53.7,72.97,0,0.0
STU0343,MECH,Female,61.2,5.07,1,0,2,2,85.0,61.2,43.5,65.5,55.44,0,0.0
STU0344,MECH,Male,76.8,5.81,1,4,1,0,90.5,63.5,61.5,62.6,75.82,1,11.57
STU0345,EEE,Male,71.3,4.18,0,1,1,1,49.7,74.1,95.6,66.6,50.91,0,0.0
STU0346,IT,Male,81.2,6.94,2,1,0,2,57.7,77.1,79.2,53.9,61.29,0,0.0
STU0347,EEE,Female,74.3,6.99,0,0,1,0,49.5,79.2,61.1,42.1,70.4,0,0.0
STU0348,EEE,Male,78.3,6.73,0,3,0,1,46.6,68.9,72.1,75.3,75.1,1,9.9
STU0349,IT,Female,98.8,8.39,0,0,2,0,75.0,76.3,37.6,81.5,92.67,1,9.82
STU0350,CSE,Male,78.3,8.52,0,2,3,2,62.1,78.9,49.8,42.9,79.47,1,12.42
STU0351,MECH,Male,84.1,7.01,0,1,1,1,65.8,72.4,74.0,73.2,75.72,0,0.0
STU0352,CSE,Male,77.7,4.85,0,1,4,2,73.3,68.3,84.7,83.2,62.14,1,8.7
STU0353,IT,Female,80.8,7.88,0,4,1,1,37.1,52.7,39.6,76.3,79.2,1,12.1
STU0354,ECE,Male,80.1,7.81,0,2,2,2,84.3,77.2,45.3,62.2,77.2,1,11.5
STU0355,EEE,Female,84.5,7.54,0,2,1,1,59.8,70.5,98.6,54.8,72.15,1,9.32
STU0356,EEE,Female,91.7,8.28,0,1,0,1,73.0,65.0,56.9,69.1,82.48,1,9.68
STU0357,CSE,Male,96.5,5.92,1,1,3,0,74.3,85.3,91.5,71.5,71.97,1,10.38
STU0358,EEE,Female,83.1,9.41,0,0,1,2,85.6,52.9,59.1,69.3,91.85,1,12.7
STU0359,CSE,Female,85.9,6.14,2,2,2,1,63.4,89.7,59.9,65.5,69.66,0,0.0
STU0360,CIVIL,Male,68.5,8.02,0,3,2,1,33.1,69.7,48.9,52.8,76.33,1,11.36
STU0361,EEE,Male,79.1,5.34,0,1,1,0,65.9,73.8,73.9,73.9,65.56,0,0.0
STU0362,EEE,Male,89.4,6.18,0,1,4,3,68.0,65.3,82.2,74.6,74.03,1,10.58
STU0363,IT,Female,88.7,8.87,2,2,1,3,49.5,50.0,34.3,70.8,86.23,0,0.0
STU0364,EEE,Male,82.1,6.91,1,2,2,2,67.2,68.3,48.0,69.6,70.1,0,0.0
STU0365,CSE,Female,88.9,8.12,1,0,2,2,59.6,74.0,73.3,91.5,89.6,1,10.19
STU0366,MECH,Female,84.9,7.46,0,5,5,6,44.9,78.1,52.4,59.3,94.45,1,12.01
STU0367,ECE,Female,92.0,7.08,0,0,3,1,75.1,67.6,45.1,85.9,84.79,1,10.48
STU0368,IT,Male,82.9,8.7,2,2,1,0,56.5,43.7,75.2,57.7,77.81,0,0.0
STU0369,CSE,Female,76.4,6.94,0,1,0,3,58.9,51.5,77.1,83.5,61.55,1,9.32
STU0370,CIVIL,Male,83.4,5.24,0,1,1,4,58.1,94.6,46.0,85.3,67.01,1,8.62
STU0371,ECE,Male,50.7,6.32,1,1,2,1,83.5,56.9,59.2,63.9,70.15,1,10.01
STU0372,MECH,Male,83.8,7.81,2,0,3,0,64.4,87.1,30.8,91.3,80.32,0,0.0
STU0373,ECE,Male,45.0,7.64,1,2,1,1,66.2,58.8,37.1,74.6,64.6,1,9.03
STU0374,ECE,Male,62.8,5.48,1,0,1,0,58.4,67.8,57.5,55.7,53.76,0,0.0
STU0375,EEE,Male,84.5,6.4,0,1,2,1,71.9,77.5,55.6,62.8,62.79,0,0.0
STU0376,CSE,Male,84.8,6.56,3,2,1,1,85.2,60.2,35.7,83.9,67.4,1,9.38
STU0377,CIVIL,Male,68.4,6.8,0,1,2,1,74.7,89.1,40.7,80.9,67.62,1,9.49
STU0378,CIVIL,Female,72.9,5.69,0,0,1,0,75.3,70.9,33.7,53.2,68.01,1,9.61
STU0379,ECE,Male,93.7,6.51,0,3,2,0,74.1,75.5,64.1,66.1,79.17,1,11.24
STU0380,IT,Female,75.2,6.4,0,0,2,1,44.3,66.8,15.6,70.8,66.31,0,0.0
STU0381,CSE,Female,100.0,8.05,0,1,1,1,51.9,77.9,34.8,60.9,82.26,1,8.84
STU0382,EEE,Female,80.0,8.09,0,1,1,1,61.9,88.9,17.7,100.0,81.96,1,9.83
STU0383,EEE,Female,84.1,7.04,1,3,3,2,54.1,68.4,63.4,71.3,75.37,1,10.85
STU0384,IT,Female,96.2,6.77,0,1,2,1,49.0,90.8,18.9,67.1,69.32,0,0.0
STU0385,CSE,Female,81.3,7.35,1,3,2,1,36.9,62.7,55.6,84.7,74.09,0,0.0
STU0386,CSE,Female,70.0,6.3,2,1,2,1,44.8,79.2,87.8,62.9,52.55,1,8.28
STU0387,CSE,Female,78.9,5.94,1,2,1,3,61.2,75.9,88.5,82.1,59.45,0,0.0
STU0388,CIVIL,Male,79.6,6.17,2,3,1,2,64.0,57.2,18.9,44.7,59.74,0,0.0
STU0389,EEE,Male,66.4,6.5,1,1,2,3,53.1,72.6,61.0,61.6,65.94,0,0.0
STU0390,CSE,Female,77.4,5.92,2,1,3,0,66.2,70.1,35.2,82.7,64.82,0,0.0
STU0391,CIVIL,Male,72.6,7.38,1,0,2,2,58.5,59.8,31.1,90.0,72.85,1,11.21
STU0392,IT,Female,89.2,8.0,2,1,2,0,81.4,74.3,52.7,57.2,83.45,0,0.0
STU0393,ECE,Male,80.3,5.45,0,1,6,1,62.6,71.8,79.6,55.5,72.33,0,0.0
STU0394,MECH,Male,77.2,7.23,0,0,1,1,75.4,69.1,67.0,75.9,77.79,0,0.0
STU0395,CIVIL,Female,78.9,6.96,0,1,3,0,68.0,69.2,40.7,59.3,75.91,1,9.59
STU0396,EEE,Female,82.2,7.58,1,2,2,0,44.0,68.9,69.1,64.2,74.94,0,0.0
STU0397,CSE,Female,86.2,7.19,0,3,1,0,63.6,65.6,10.1,80.3,77.74,1,10.41
STU0398,IT,Male,70.0,5.6,1,2,2,2,46.5,71.7,39.9,60.4,61.38,0,0.0
STU0399,IT,Female,69.6,5.81,1,1,3,3,63.4,62.3,38.5,40.5,67.3,0,0.0
STU0400,IT,Female,91.0,7.23,1,1,2,2,53.8,100.0,56.6,49.8,65.28,0,0.0
STU0401,EEE,Female,75.9,8.33,1,0,2,2,70.7,53.1,50.9,68.1,74.13,0,0.0
STU0402,CIVIL,Female,65.8,4.76,1,4,0,1,44.9,63.0,52.2,41.9,46.75,0,0.0
STU0403,IT,Female,84.4,7.58,0,0,1,1,65.2,63.9,51.5,63.8,76.51,0,0.0
STU0404,EEE,Female,84.6,8.51,0,0,3,3,73.6,94.5,55.4,48.5,90.96,1,9.55
STU0405,ECE,Male,64.7,7.03,2,1,1,2,78.6,54.2,65.8,91.0,70.06,0,0.0
STU0406,MECH,Female,82.3,7.81,1,1,2,1,53.5,75.1,58.0,98.3,80.69,1,10.66
STU0407,ECE,Female,87.4,6.43,2,0,0,1,65.3,73.0,49.3,53.2,56.02,0,0.0
STU0408,CSE,Female,83.7,7.07,1,0,2,2,67.8,74.0,63.0,71.6,74.76,0,0.0
STU0409,EEE,Female,86.3,5.42,0,0,3,3,88.2,84.8,71.5,54.6,67.79,1,10.51
STU0410,CSE,Female,66.0,4.62,2,0,4,1,42.8,84.6,43.9,63.7,53.36,0,0.0
STU0411,IT,Male,83.3,8.24,0,1,1,3,51.3,64.6,53.8,93.2,76.84,1,9.49
STU0412,IT,Female,77.0,6.12,0,2,1,1,100.0,72.3,78.2,61.5,73.81,1,11.41
STU0413,IT,Male,75.2,6.7,0,1,0,0,60.9,47.6,32.9,64.0,61.14,0,0.0
STU0414,CSE,Male,88.7,5.67,0,0,0,3,36.6,71.2,91.1,54.8,60.36,0,0.0
STU0415,CSE,Female,94.8,5.65,0,0,2,1,56.3,60.5,28.2,84.0,73.34,0,0.0
STU0416,CIVIL,Female,97.9,7.01,1,2,3,2,23.5,67.8,48.1,22.3,67.71,0,0.0
STU0417,EEE,Male,93.1,6.4,0,2,3,2,68.6,49.8,36.0,61.8,70.05,0,0.0
STU0418,CSE,Male,78.9,7.62,0,2,1,2,77.1,74.9,98.8,67.4,77.37,1,10.98
STU0419,IT,Male,83.5,7.7,0,1,3,2,51.3,49.6,44.9,58.7,74.08,1,10.11
STU0420,MECH,Male,87.7,7.55,1,0,0,0,57.9,71.8,45.0,80.1,64.87,1,7.64
STU0421,EEE,Male,81.2,7.46,2,2,1,2,78.9,55.3,47.6,84.8,74.93,1,9.63
STU0422,CIVIL,Male,81.3,8.94,2,1,1,4,38.7,59.8,56.9,48.2,78.3,0,0.0
STU0423,CIVIL,Female,88.2,6.03,0,1,3,1,45.2,83.9,48.4,97.3,74.28,0,0.0
STU0424,MECH,Female,79.4,7.14,2,2,0,1,61.6,77.1,52.3,48.1,65.41,1,8.72
STU0425,ECE,Female,72.7,8.45,1,0,1,0,53.7,83.8,0.0,86.0,76.51,1,8.24
STU0426,IT,Male,75.9,8.59,1,1,1,1,60.6,88.7,56.1,70.1,77.43,0,0.0
STU0427,EEE,Male,86.3,5.64,0,0,4,0,46.0,60.7,55.4,60.9,62.68,1,8.81
STU0428,CIVIL,Male,80.0,6.86,2,1,0,1,68.2,88.0,75.8,62.3,62.06,0,0.0
STU0429,CSE,Female,83.4,8.69,0,1,4,3,62.8,52.4,81.2,67.5,86.33,1,11.13
STU0430,CIVIL,Male,86.7,7.76,0,1,2,1,73.2,79.0,51.2,70.9,79.05,1,11.95
STU0431,CSE,Male,76.3,7.41,2,0,1,1,68.0,64.1,71.3,55.1,67.97,0,0.0
STU0432,CIVIL,Male,87.6,6.96,1,0,1,2,68.1,58.8,33.0,64.7,71.81,0,0.0
STU0433,CIVIL,Female,83.8,6.78,0,0,0,1,43.3,77.4,70.3,57.2,78.92,0,0.0
STU0434,CSE,Male,67.7,7.52,0,0,0,0,72.4,81.3,43.6,51.0,65.85,0,0.0
STU0435,ECE,Male,94.4,6.92,0,0,1,0,60.0,81.0,31.3,56.6,71.64,1,9.04
STU0436,CSE,Female,75.0,7.15,0,0,0,0,62.5,72.6,51.3,51.9,63.02,1,8.46
STU0437,MECH,Female,63.4,7.29,1,1,1,0,80.7,71.6,83.0,62.1,68.31,1,9.78
STU0438,EEE,Male,69.5,6.45,0,0,4,2,54.2,76.3,58.6,74.1,72.88,1,9.34
STU0439,CSE,Male,69.8,7.79,0,0,0,1,85.3,73.6,84.9,69.7,81.55,1,9.92
STU0440,ECE,Female,80.5,10.0,0,3,1,1,86.7,76.5,40.0,95.6,95.84,1,11.75
STU0441,EEE,Female,77.3,5.25,0,1,0,2,76.3,72.4,76.0,37.1,59.88,0,0.0
STU0442,IT,Female,76.6,7.56,1,0,1,3,50.3,80.1,42.0,74.6,72.03,0,0.0
STU0443,CSE,Male,86.2,6.36,2,1,0,0,32.2,50.5,59.5,68.1,50.13,0,0.0
STU0444,ECE,Male,83.4,7.84,3,0,2,3,81.2,68.4,59.3,79.4,73.76,0,0.0
STU0445,MECH,Female,83.2,7.25,1,1,0,3,66.7,53.4,68.2,78.0,72.36,1,9.36
STU0446,MECH,Male,84.1,8.04,1,0,1,1,53.8,73.3,60.0,65.7,75.29,0,0.0
STU0447,IT,Male,86.2,8.49,2,2,3,3,82.6,89.7,40.2,70.4,87.54,1,9.9
STU0448,EEE,Female,58.9,7.41,0,1,2,1,52.1,64.3,72.6,57.6,70.73,1,9.1
STU0449,MECH,Female,76.4,8.45,0,0,0,1,58.6,71.5,89.6,76.6,78.8,1,9.27
STU0450,IT,Male,58.2,4.62,0,1,2,2,72.9,79.1,43.3,41.7,50.67,0,0.0
STU0451,EEE,Female,80.4,8.95,0,1,1,1,48.3,45.2,18.3,78.9,86.05,0,0.0
STU0452,EEE,Male,80.0,7.61,0,0,1,2,63.4,63.7,65.0,67.7,75.36,0,0.0
STU0453,ECE,Female,90.5,8.39,0,0,2,3,81.3,74.4,48.4,61.2,92.42,1,11.58
STU0454,CSE,Female,91.9,5.86,0,0,0,2,68.2,35.2,52.4,64.7,73.31,0,0.0
STU0455,MECH,Male,82.0,6.29,0,2,2,3,83.7,58.3,66.1,65.8,75.62,0,0.0
STU0456,MECH,Female,75.0,7.36,0,0,4,1,82.0,83.2,45.9,86.2,80.64,1,11.03
STU0457,CSE,Male,84.9,7.18,1,1,2,2,65.1,82.0,49.6,100.0,78.01,0,0.0
STU0458,MECH,Female,74.7,7.51,0,2,2,3,29.9,74.5,53.0,85.1,77.85,0,0.0
STU0459,EEE,Male,80.0,8.39,0,0,2,3,48.4,80.6,84.4,60.1,81.55,0,0.0
STU0460,CSE,Male,89.9,5.26,0,0,3,1,76.5,72.6,55.6,76.8,68.54,0,0.0
STU0461,CIVIL,Female,74.4,8.27,0,0,6,0,41.7,76.7,30.3,77.4,87.83,1,7.7
STU0462,CSE,Female,88.1,7.21,2,2,1,1,60.1,66.2,31.1,55.0,68.98,0,0.0
STU0463,CIVIL,Male,86.8,6.98,1,2,4,1,70.1,71.4,57.8,50.3,73.96,0,0.0
STU0464,ECE,Female,70.5,5.58,0,0,1,0,87.0,62.4,32.4,67.1,59.0,1,8.9
STU0465,CSE,Female,89.7,7.75,0,0,2,4,56.4,85.2,23.8,79.3,86.57,1,8.98
STU0466,EEE,Male,87.0,4.54,0,1,2,2,55.3,88.3,67.7,45.4,56.06,0,0.0
STU0467,CSE,Female,81.0,7.91,1,4,5,3,64.2,86.6,68.7,57.9,84.99,1,11.89
STU0468,MECH,Female,72.4,5.56,1,5,1,1,70.3,65.1,47.6,76.0,62.47,1,9.42
STU0469,IT,Male,71.4,7.26,1,1,3,2,62.7,58.6,60.9,68.6,67.28,1,10.29
STU0470,EEE,Male,74.6,7.07,0,1,0,0,80.7,85.3,58.8,87.8,74.82,1,9.43
STU0471,CIVIL,Female,85.4,8.49,0,3,3,6,53.0,76.5,67.0,48.2,91.18,1,11.61
STU0472,CIVIL,Male,70.4,7.0,2,4,1,1,66.8,73.9,67.1,100.0,71.13,1,9.7
STU0473,ECE,Female,84.4,6.44,1,1,1,0,71.7,62.4,2.9,46.5,65.47,1,9.2
STU0474,ECE,Female,67.6,6.64,1,1,2,1,59.0,75.1,50.2,39.6,56.18,0,0.0
STU0475,MECH,Male,78.0,8.6,1,2,0,4,77.6,57.0,65.4,67.2,88.07,1,11.37
STU0476,CIVIL,Male,81.1,7.79,1,0,2,0,67.2,77.6,46.8,52.1,75.94,1,9.49
STU0477,EEE,Female,100.0,6.78,1,0,0,1,76.8,86.5,55.7,67.5,66.84,0,0.0
STU0478,CSE,Male,66.2,6.94,1,2,2,1,67.9,89.6,70.0,67.0,66.6,1,9.13
STU0479,MECH,Male,94.7,5.48,0,1,1,0,70.6,78.5,56.6,65.3,66.93,0,0.0
STU0480,CSE,Female,81.5,7.63,0,1,3,0,55.5,53.4,85.2,56.2,80.07,1,9.6
STU0481,IT,Female,84.1,5.26,0,0,3,1,55.5,72.4,77.5,74.1,64.56,0,0.0
STU0482,CIVIL,Female,81.2,8.03,0,0,3,1,83.4,95.7,52.6,63.6,89.13,1,9.59
STU0483,IT,Female,84.4,7.34,0,1,2,1,74.5,59.6,51.0,83.5,73.85,1,9.94
STU0484,CIVIL,Female,78.5,9.83,0,1,0,0,49.7,69.3,0.0,65.5,80.59,0,0.0
STU0485,ECE,Male,94.5,5.99,0,0,3,3,67.7,87.0,48.5,54.5,66.46,0,0.0
STU0486,IT,Female,75.4,7.09,2,0,3,1,29.4,77.4,27.9,44.4,58.71,0,0.0
STU0487,ECE,Female,91.3,9.18,0,0,7,1,56.4,99.8,59.4,65.6,100.0,1,11.04
STU0488,MECH,Female,73.6,8.51,0,1,3,0,79.4,61.2,58.1,50.2,92.66,1,10.92
STU0489,CIVIL,Female,79.4,6.43,1,1,1,1,63.1,58.1,68.9,49.1,65.3,0,0.0
STU0490,MECH,Male,69.3,7.45,0,0,5,0,66.8,84.7,82.9,75.4,79.1,1,11.55
STU0491,EEE,Female,84.6,7.2,2,0,2,0,19.8,55.6,54.5,43.1,58.88,0,0.0
STU0492,EEE,Male,94.5,7.51,1,0,3,2,59.1,67.6,100.0,87.8,83.07,1,9.34
STU0493,CIVIL,Female,79.2,6.43,1,2,2,3,70.1,69.2,59.6,70.2,65.44,1,10.0
STU0494,MECH,Male,78.0,7.1,0,4,2,3,72.0,82.4,28.8,67.4,76.75,1,11.75
STU0495,IT,Male,68.9,5.44,1,2,1,0,79.4,77.4,43.8,53.5,64.27,1,9.24
STU0496,ECE,Male,77.7,7.35,1,1,1,0,61.8,75.5,47.5,78.7,67.01,1,8.52
STU0497,CSE,Female,64.1,7.7,2,2,1,0,62.5,65.2,66.8,68.0,63.79,1,10.26
STU0498,ECE,Female,70.9,6.95,1,2,4,0,45.0,84.6,36.1,58.4,68.68,1,9.69
STU0499,EEE,Male,82.3,5.42,0,3,2,1,61.9,100.0,49.0,70.8,67.16,1,9.7
STU0500,ECE,Male,93.2,8.29,0,0,2,2,46.1,78.3,51.8,44.4,78.57,0,0.0
STU0501,CSE,Male,100.0,7.6,4,1,2,2,37.3,71.2,46.0,45.1,63.01,0,0.0
STU0502,MECH,Male,74.1,6.4,0,0,1,5,48.7,54.4,71.2,52.3,72.28,0,0.0
STU0503,EEE,Female,94.4,6.89,1,0,2,3,87.6,62.4,67.8,72.9,87.48,1,9.45
STU0504,EEE,Male,82.4,5.55,0,0,2,3,60.9,67.4,78.3,68.0,68.29,0,0.0
STU0505,IT,Male,78.5,6.07,1,1,2,1,68.3,63.6,48.4,82.7,67.84,0,0.0
STU0506,ECE,Male,84.3,6.61,0,2,2,3,57.3,69.8,79.1,55.1,79.72,1,11.61
STU0507,MECH,Male,80.6,8.55,0,0,2,1,38.1,91.3,27.7,76.0,79.31,1,9.85
STU0508,IT,Female,81.1,6.5,0,0,3,2,79.0,85.0,27.2,66.4,72.16,1,11.0
STU0509,IT,Female,75.9,7.9,0,0,6,2,32.4,68.1,30.7,54.8,83.33,1,10.33
STU0510,IT,Male,66.0,6.61,2,0,2,3,56.7,55.5,55.2,73.4,69.91,0,0.0
STU0511,EEE,Female,64.6,7.47,0,0,1,2,64.2,86.0,79.0,67.1,76.49,1,11.02
STU0512,CIVIL,Male,86.5,7.04,0,0,3,1,68.5,69.4,43.0,59.2,77.62,1,9.09
STU0513,EEE,Male,77.2,8.16,0,0,0,2,54.1,49.3,45.5,68.6,72.12,0,0.0
STU0514,CIVIL,Male,74.0,6.61,1,3,4,2,37.4,78.5,50.7,66.2,68.86,1,10.39
STU0515,EEE,Male,80.1,5.47,1,1,3,5,53.0,82.3,66.5,65.8,72.2,1,9.05
STU0516,CSE,Male,87.9,5.68,1,1,0,2,53.8,40.9,45.4,62.2,55.52,0,0.0
STU0517,EEE,Female,81.8,6.61,0,1,2,1,53.4,60.1,44.3,49.7,68.73,1,9.04
STU0518,CSE,Female,73.4,5.83,2,1,2,2,79.6,68.7,28.1,69.0,62.28,0,0.0
STU0519,ECE,Female,92.3,7.65,3,3,1,0,46.8,78.8,43.6,56.8,60.95,0,0.0
STU0520,MECH,Male,95.8,6.69,2,1,0,2,69.5,63.8,78.5,53.7,66.7,0,0.0
STU0521,ECE,Male,84.9,9.81,1,2,1,2,67.4,60.0,56.8,64.6,90.64,0,0.0
STU0522,CSE,Male,89.7,5.29,1,0,0,3,79.4,78.7,40.2,78.3,66.77,0,0.0
STU0523,IT,Male,92.4,7.42,0,2,1,2,63.0,64.4,79.7,70.6,75.18,0,0.0
STU0524,CIVIL,Male,91.3,5.96,1,1,2,0,76.9,76.5,43.3,60.6,60.57,0,0.0
STU0525,IT,Female,86.1,6.66,0,1,1,1,62.4,56.7,83.4,60.0,72.28,0,0.0
STU0526,IT,Female,86.0,7.36,0,1,1,4,71.5,53.8,83.1,76.9,80.05,1,10.89
STU0527,EEE,Female,85.2,4.64,0,0,2,2,42.5,79.1,56.1,34.4,63.79,0,0.0
STU0528,CSE,Female,69.0,7.46,2,1,0,1,25.4,73.0,25.0,79.2,68.58,0,0.0
STU0529,EEE,Female,87.0,9.29,1,2,1,0,70.7,81.1,100.0,41.8,89.84,0,0.0
STU0530,EEE,Female,66.4,6.7,1,2,2,0,71.5,63.6,62.7,48.2,62.04,1,11.64
STU0531,MECH,Male,72.1,7.49,0,2,0,0,72.1,60.5,48.5,60.8,74.93,1,10.24
STU0532,CSE,Female,93.0,8.33,0,0,1,2,57.1,86.3,74.1,98.4,90.02,0,0.0
STU0533,CSE,Female,88.4,7.02,1,1,3,3,87.3,51.7,69.0,91.5,86.16,1,10.2
STU0534,IT,Female,94.9,6.56,0,0,2,5,58.1,85.0,81.2,77.9,78.28,0,0.0
STU0535,MECH,Female,77.3,4.7,2,1,2,3,71.3,85.8,41.8,73.0,63.11,0,0.0
STU0536,CSE,Male,68.5,7.91,2,0,3,0,73.9,80.3,61.4,41.9,71.41,0,0.0
STU0537,ECE,Female,77.6,7.08,1,1,0,1,90.8,61.7,31.3,70.2,72.97,1,10.09
STU0538,CSE,Male,81.0,6.09,1,1,1,1,60.2,60.2,68.3,60.3,57.1,0,0.0
STU0539,MECH,Female,80.8,7.34,1,1,1,1,55.2,67.5,54.5,56.6,72.18,0,0.0
STU0540,CSE,Female,91.3,6.56,0,1,3,2,42.5,54.5,60.6,70.2,73.21,1,8.72
STU0541,CIVIL,Female,76.4,6.62,1,1,3,0,88.3,58.5,52.1,61.4,74.32,0,0.0
STU0542,CSE,Male,83.5,7.87,3,1,2,3,71.3,77.7,50.0,80.2,76.1,1,9.75
STU0543,IT,Female,70.1,5.73,1,1,0,1,71.8,77.8,37.6,40.9,58.18,0,0.0
STU0544,IT,Female,84.5,8.35,0,1,2,2,100.0,57.4,70.8,69.1,90.5,1,11.49
STU0545,CIVIL,Male,80.0,5.66,2,0,1,2,69.9,78.1,84.8,55.7,62.36,0,0.0
STU0546,CSE,Male,72.5,6.47,0,0,1,1,45.5,75.5,43.9,62.3,64.95,0,0.0
STU0547,ECE,Female,77.6,9.32,2,2,2,0,62.1,88.1,66.1,72.3,74.88,1,11.8
STU0548,MECH,Female,78.2,8.44,1,1,2,0,50.4,76.8,63.6,52.4,77.55,0,0.0
STU0549,MECH,Female,77.3,7.31,0,1,4,1,59.1,82.7,55.2,70.3,76.51,1,10.0
STU0550,CIVIL,Female,97.7,6.17,2,2,3,4,59.0,75.7,24.5,65.0,64.93,0,0.0
STU0551,CIVIL,Male,79.0,6.62,0,1,2,0,56.2,81.8,29.0,58.8,65.39,0,0.0
STU0552,ECE,Female,77.6,7.28,0,3,4,2,44.1,54.6,39.4,61.4,78.81,0,0.0
STU0553,CIVIL,Male,59.0,7.24,1,0,3,1,88.9,68.5,12.2,65.8,74.92,0,0.0
STU0554,IT,Female,71.1,7.1,0,1,1,1,69.5,69.5,83.2,57.3,63.89,1,10.39
STU0555,EEE,Male,77.4,7.17,1,2,0,1,61.6,67.1,62.4,68.1,66.85,0,0.0
STU0556,MECH,Female,73.1,6.96,1,0,1,1,76.4,75.3,54.4,64.1,74.77,0,0.0
STU0557,CIVIL,Male,93.8,5.61,1,1,3,0,72.1,77.6,11.2,59.4,64.58,0,0.0
STU0558,EEE,Female,78.4,6.63,0,0,1,2,69.1,74.7,18.5,90.3,74.47,1,10.48
STU0559,CIVIL,Male,92.9,8.21,0,0,2,2,75.3,67.9,55.0,73.8,92.04,1,11.11
STU0560,EEE,Male,80.6,5.69,2,2,2,0,67.0,61.2,94.4,62.6,62.32,0,0.0
STU0561,MECH,Female,80.4,6.99,0,1,1,1,75.1,83.2,41.0,70.0,79.35,1,10.18
STU0562,CSE,Male,79.1,6.3,1,3,2,2,76.3,74.2,72.3,53.6,57.88,0,0.0
STU0563,ECE,Female,80.0,7.32,0,1,0,3,67.4,57.8,45.4,61.9,82.75,1,10.18
STU0564,IT,Female,97.2,6.77,1,1,3,0,61.7,67.7,56.1,63.5,75.25,1,8.04
STU0565,EEE,Female,56.8,8.83,0,1,5,1,88.0,49.1,79.3,50.5,99.8,1,10.8
STU0566,IT,Male,60.0,7.76,0,1,4,2,57.8,70.4,48.1,73.4,78.04,1,10.71
STU0567,IT,Male,74.6,5.76,0,1,2,1,70.9,67.6,41.2,60.9,60.22,1,8.4
STU0568,IT,Male,80.1,7.94,0,0,3,4,71.2,63.1,83.4,63.0,86.86,0,0.0
STU0569,MECH,Female,86.9,6.35,1,1,4,3,55.9,89.0,55.9,60.0,71.72,1,9.63
STU0570,MECH,Female,84.7,6.57,0,1,2,0,52.9,56.1,76.8,100.0,76.27,0,0.0
STU0571,EEE,Female,76.2,7.55,1,1,4,1,59.7,78.5,41.3,58.7,80.75,1,9.27
STU0572,ECE,Female,90.2,6.66,1,1,3,4,57.6,96.2,83.1,39.0,72.38,0,0.0
STU0573,IT,Male,90.3,8.18,1,2,2,1,43.1,82.9,60.5,45.6,73.99,0,0.0
STU0574,CSE,Male,81.8,6.35,0,1,2,1,55.2,69.6,63.7,78.6,73.4,0,0.0
STU0575,CSE,Male,89.6,6.52,0,1,2,1,69.0,56.4,57.6,86.7,75.35,0,0.0
STU0576,ECE,Male,82.7,6.48,0,0,2,1,84.0,53.7,44.9,58.5,73.18,0,0.0
STU0577,EEE,Male,74.4,6.58,0,1,1,1,73.3,65.1,55.0,85.9,77.37,1,10.5
STU0578,MECH,Male,87.0,8.41,2,0,3,2,26.0,61.8,46.1,78.4,81.09,0,0.0
STU0579,EEE,Male,81.1,7.89,3,0,1,0,74.6,61.4,74.2,65.3,72.86,0,0.0
STU0580,CSE,Male,80.0,9.08,1,0,1,3,56.6,66.1,50.9,64.4,82.64,1,9.56
STU0581,CSE,Female,94.7,9.69,2,0,0,3,71.8,68.8,25.1,70.5,78.21,0,0.0
STU0582,EEE,Female,55.5,6.07,0,1,0,1,64.8,75.8,21.4,80.3,63.1,0,0.0
STU0583,CSE,Female,65.8,7.28,0,1,2,1,62.1,55.1,20.5,73.6,71.99,1,8.75
STU0584,CSE,Male,68.1,5.91,1,0,0,4,63.5,61.8,67.4,58.5,61.83,1,8.29
STU0585,ECE,Male,76.4,6.34,3,1,4,2,64.7,68.1,32.0,65.6,62.18,0,0.0
STU0586,EEE,Male,77.5,6.51,2,3,2,2,85.2,67.7,61.0,95.7,71.95,1,9.86
STU0587,CIVIL,Male,64.9,6.04,1,0,0,1,64.7,92.0,57.7,71.5,56.37,1,7.99
STU0588,CSE,Female,70.1,6.04,1,3,1,1,81.3,72.8,53.7,80.2,61.35,0,0.0
STU0589,EEE,Female,71.4,7.04,0,1,3,1,79.1,50.6,63.8,75.6,83.87,0,0.0
STU0590,EEE,Male,100.0,5.86,0,0,1,0,75.0,75.0,58.2,71.8,66.51,0,0.0
STU0591,CIVIL,Male,98.0,8.13,0,1,2,3,38.2,76.5,0.8,69.5,83.36,1,9.46
STU0592,EEE,Male,75.9,6.19,0,0,2,2,81.7,68.5,48.5,80.6,78.66,1,8.88
STU0593,IT,Male,76.4,10.0,1,0,1,3,58.1,55.4,63.5,78.1,93.54,1,9.63
STU0594,EEE,Female,68.5,6.7,0,1,2,5,75.7,91.1,87.8,71.7,81.78,1,10.98
STU0595,IT,Female,60.9,7.28,1,1,5,1,50.4,57.2,88.7,58.3,74.12,0,0.0
STU0596,CIVIL,Female,78.8,5.78,0,1,3,0,47.2,77.9,27.7,73.4,69.22,0,0.0
STU0597,MECH,Female,70.0,9.08,1,1,4,2,94.6,72.4,48.0,67.1,97.47,1,13.05
STU0598,CIVIL,Female,79.2,8.43,1,0,1,3,50.6,77.2,23.7,63.7,80.02,0,0.0
STU0599,MECH,Female,64.0,7.53,3,0,1,0,82.2,90.5,85.4,100.0,61.06,1,7.44
STU0600,MECH,Female,72.4,5.72,1,0,0,1,66.8,76.7,75.3,46.5,55.44,0,0.0
